,street_name,street_number,category,name,unique_id
0,Наукова,10А,cafe,"кафе-пекарня ""Хлібні історії""",cafe 0
1,Вірменська,31,cafe,Дзиґа,cafe 1
2,пр. Свободи,35,cafe,МакДональдз,cafe 2
3,Залізнична,56,cafe,,cafe 3
4,Краківська,1,cafe,Куфер,cafe 4
5,Пекарська,24,cafe,"Кафе ""Тарта""",cafe 5
6,Володимира Великого,26А,cafe,"паб ""Крафт""",cafe 6
7,"Сахарова А.,акад.",44.0,cafe,"кав'ярня ""Пекарня, кондитерська""",cafe 7
8,Поліщука В.,78А,cafe,"кафе ""Кафе в ""Нота бене""",cafe 8
9,Личаківська,112,cafe,"Магазин-кавярня ""Два кроки від хати""",cafe 9
10,Зелена,26,cafe,"Кафе ""Літній сад""",cafe 10
11,Друкарська,4,cafe,Рудий кіт,cafe 11
12,Краківська,2,cafe,Базиліко,cafe 12
13,Федорова І.,9,cafe,Хінкальня,cafe 13
14,Пекарська,5,cafe,"Східне кафе ""Бейрут Хол""",cafe 14
15,Чайковського П.,26,cafe,"кафе ""Кулінарна студія Банзай""",cafe 15
16,Стрийська,106А,cafe,"піцерія ""Піцерія ""Леонардо""",cafe 16
17,пл. Ринок,29,cafe,Домініка,cafe 17
18,Бандери С.,28,cafe,"кафе ""Запіканки""",cafe 18
19,Стародубська,3.0,cafe,"кафе""Стожари""",cafe 19
20,Угорська,26,cafe,"ресторан ""Султан Палац""",cafe 20
21,Політехнічна,5,cafe,"кафе ""MAKERY CHIKEN""",cafe 21
22,Туган-Барановського М.,9,cafe,"ПП"" Блек Бізон""",cafe 22
23,Героїв УПА,73,cafe,"кальян бар ""The Game lounge""",cafe 23
24,Антоновича В.,9.0,cafe,"магазин-кафе кондитерська ""Кав'ярня""",cafe 24
25,Валова,25,cafe,Wine Haus,cafe 25
26,Пасічна,43,cafe,Кафе-бар „Таємниця щастя”,cafe 26
27,Братів Рогатинців,49,cafe,"кафе ""Poison Lab""",cafe 27
28,Руданського С.,1,cafe,Рафінад,cafe 28
29,"Сахарова А.,акад.",48.0,cafe,"швидке харчування ""Egg burgerset""",cafe 29
30,Володимира Великого,34.0,cafe,"кафе ""Затишок""",cafe 30
31,Наукова,2Б,cafe,"кафе ""Гопак""",cafe 31
32,пл. Ринок,29,cafe,"кафе ""Креперія""",cafe 32
33,Хмельницького Б.,140,cafe,"ресторан ""Картель""",cafe 33
34,Хмельницького Б.,225,cafe,кафе,cafe 34
35,Стрийська,76.0,cafe,"кафе ""Вакар""",cafe 35
36,Дніпровська,7,cafe,"Кафе-бар ""Козацька чайка""",cafe 36
37,Джерельна,21,cafe,"""Шаурма кебаб""",cafe 37
38,"Чупринки Т.,ген.",42.0,cafe,"кафе-бар ""Марципан""",cafe 38
39,Театральна,24,cafe,Джем,cafe 39
40,Зелена,42,cafe,"""2 cups""",cafe 40
41,Староєврейська,8,cafe,Хенліс,cafe 41
42,"Курмановича В., ген.",9,cafe,"кафе ""Львівські марципани""",cafe 42
43,"Лазаренка Є., акад.",1А,cafe,"кафе ""Стравниця""",cafe 43
44,Братів Рогатинців,4,cafe,Лемберг граф,cafe 44
45,пл. Галицька,7,cafe,ресторан,cafe 45
46,Героїв УПА,72.0,cafe,"кафе ""Хот кафе""",cafe 46
47,Братів Рогатинців,21,cafe,Цукор,cafe 47
48,Січових Стрільців,3,cafe,кафе,cafe 48
49,Краківська,9,cafe,Фреска,cafe 49
50,Коновальця Є.,10.0,cafe,"кафе-кав'ярня ""Кава""",cafe 50
51,Раппапорта Я.,1,cafe,піцерія,cafe 51
52,пл. Ринок,29,cafe,"буфет ""Хумус & Фалафель""",cafe 52
53,Мечникова І.,39,cafe,"Кафе ""Ієрусалим""",cafe 53
54,Патона Є.,6.0,cafe,"арт-кафе ""Древ Град""",cafe 54
55,Лесі Українки,35,cafe,Бейліз,cafe 55
56,пл. Ринок,21,cafe,"Піцерія ""На ринку""",cafe 56
57,пр. Свободи,24,cafe,Піцерія Челентано,cafe 57
58,пр. Свободи,6,cafe,"кафе ""Сало""",cafe 58
59,Шевська,8,cafe,"ресторан ""Бачевських""",cafe 59
60,Наукова,29А,cafe,"кафе ""Yolla""",cafe 60
61,Київська,24.0,cafe,"паб ""Юнітас""",cafe 61
62,Антоновича В.,140.0,cafe,"кафе ""Торнадо""",cafe 62
63,Городоцька,207.0,cafe,"кафе-ресторан ""Оксана""",cafe 63
64,Нижанківського О.,7,cafe,"ресторан ""CRAZY TOWN""",cafe 64
65,Городоцька,147.0,cafe,"бар ""Запашна кава""",cafe 65
66,Хмельницького Б.,3.0,cafe,кафе,cafe 66
67,Демнянська,26,cafe,"ресторан-паб ""007""",cafe 67
68,Апостола Д.,10,cafe,"""NOY""",cafe 68
69,Друкарська,3,cafe,Пошта на Друкарській,cafe 69
70,пл. Ринок,32,cafe,"ресторан ""Правда. Театр Пива""",cafe 70
71,Січових Стрільців,5,cafe,Майстерня шоколаду,cafe 71
72,Кульпарківська,59.0,cafe,"кав'ярня ""2 Cups""",cafe 72
73,пл. Катедральна,7,cafe,Амадеус,cafe 73
74,Хоткевича Г.,52,cafe,"кафе ""Рів'єра""",cafe 74
75,Зелена,5,cafe,Бар,cafe 75
76,Зелена,109,cafe,"Гриль-бар ""Лідер""",cafe 76
77,Сяйво,10.0,cafe,"кафе-бар ""Колобок""",cafe 77
78,Раппапорта Я.,11,cafe,"""Кавярня Біля шпиталю""",cafe 78
79,Низинна,2,cafe,"""Теремок""",cafe 79
80,Проїзд Крива Липа,3,cafe,Цукор,cafe 80
81,Володимира Великого,29.0,cafe,"кафе ""Аякси""",cafe 81
82,Жовківська,1,cafe,бістро,cafe 82
83,Айвазовського І.,22.0,cafe,"кафе-бар ""Котигорошко""",cafe 83
84,Рутковича І.,18,cafe,"кафе ""Бесквіт""",cafe 84
85,Героїв УПА,80.0,cafe,"ресторан ""Грейцер""",cafe 85
86,Данилишина Д.,6,cafe,кафе,cafe 86
87,Пекарська,2,cafe,"більярдний клуб, кафе-бар ""Пул""",cafe 87
88,Туган-Барановського М.,14,cafe,"Кафе ""У Кіма""",cafe 88
89,Шімзерів,2,cafe,"кафе-бар ""Сан Райз""",cafe 89
90,Зелена,14,cafe,"Нічний клуб ""Метро Clab""",cafe 90
91,Руставелі Ш.,6,cafe,"кафе ""Франсуа-уа"" французька булочка",cafe 91
92,пл. Яворського С.,1,cafe,"ресторан ""Далар"" грузинська кухня",cafe 92
93,Городоцька,116А,cafe,"""Кум Чебурек""",cafe 93
94,Староєврейська,4,cafe,Белла Чао,cafe 94
95,Самчука У.,8,cafe,"ресторан ""Деліс""",cafe 95
96,Староєврейська,26,cafe,Бургер Джоінт,cafe 96
97,Дудаєва Дж.,2,cafe,"кафе ""4 friends""",cafe 97
98,Природна,2.0,cafe,"кафе ""Мішель""",cafe 98
99,Антоненка-Давидовича Б.,10,cafe,кафе,cafe 99
100,Личаківська,50,cafe,"ТзОВ ""М""ясний дворик""",cafe 100
101,пр. Червоної Калини,62,cafe,"піцерія ""Чікаго""",cafe 101
102,Лінкольна А.,10,cafe,"ресторан ""Писанка""",cafe 102
103,пр. Шевченка Т.,23,cafe,Світ кави,cafe 103
104,Васильківського С.,7.0,cafe,"паб ""Гудз""",cafe 104
105,пл. Катедральна,7,cafe,"кафе ""Під золотою зіркою""",cafe 105
106,Липи Ю.,20,cafe,"""кафе-бар ""Ліана""",cafe 106
107,пр. Чорновола В.,59,cafe,"""Ресторан ""Багратіоні""",cafe 107
108,Михальчука І.,nan,cafe,Смаколик,cafe 108
109,Садова,2А,cafe,,cafe 109
110,Зелена,6,cafe,"Бар ""Живе пиво""",cafe 110
111,Пасічна,22,cafe,бар,cafe 111
112,пр. Червоної Калини,64,cafe,бар Beer House,cafe 112
113,Маланюка Є.,1,cafe,Шопен,cafe 113
114,Митрополита Андрея,8,cafe,Єреван,cafe 114
115,пл. Маланюка Є.,7,cafe,"ресторан ""Шопен""",cafe 115
116,Залізнична,2,cafe,"""Смачні сезони""",cafe 116
117,пл. Ринок,29,cafe,"кафе ""кавярня ""На бамбетлі""",cafe 117
118,Наукова,59,cafe,"кафе ""Спокуса""",cafe 118
119,Хмельницького Б.,225,cafe,станція варенична,cafe 119
120,Пекарська,2,cafe,"Кафе ""Фабрика їжі""",cafe 120
121,пр. Свободи,25,cafe,"кафе ""Золото Полуботка""",cafe 121
122,Щирецька,5.0,cafe,"""Млинок""",cafe 122
123,Франка І.,20А,cafe,"кафе"" Етюд""",cafe 123
124,Мирного П.,nan,cafe,"кафе ""Зелений клен""",cafe 124
125,Огіркова,1,cafe,кафе-бар,cafe 125
126,пл. Святого Теодора,12,cafe,Мартуся,cafe 126
127,Героїв УПА,72.0,cafe,"піцерія ""Чикаго""",cafe 127
128,Степанівни О.,40.0,cafe,"кафе ""Кают-Компанія""",cafe 128
129,пл. Ринок,30,cafe,Світ кави,cafe 129
130,пр. Чорновола В.,2,cafe,Малевич,cafe 130
131,Руська,16,cafe,"кафе ""Прем'єра Львівська""",cafe 131
132,Рудненська,14А,cafe,,cafe 132
133,Повітряна,40.0,cafe,"бар ""Старий двір""",cafe 133
134,Городоцька,207.0,cafe,"кафе-ресторан ""Львівянка""",cafe 134
135,Окружна,57А,cafe,"кафе ""На окружній""",cafe 135
136,Промислова,50,cafe,кафе,cafe 136
137,Промислова,50,cafe,кафе,cafe 137
138,Городоцька,154,cafe,"""Кафе-бар""",cafe 138
139,Хмельницького Б.,225,cafe,фаст-фуд,cafe 139
140,Липинського В.,60,cafe,фаст-фуд,cafe 140
141,"Мазепи І., гетьм.",12,cafe,"""Кафе-бар ""У Глинюка""",cafe 141
142,Хмельницького Б.,200,cafe,"Кафе ""Берегиня""",cafe 142
143,Жовківська,57,cafe,міні-бар,cafe 143
144,Лесі Українки,14,cafe,Монс-Піус,cafe 144
145,пр. Свободи,1,cafe,Урбан кофе,cafe 145
146,Проїзд Крива Липа,6,cafe,Арт холл,cafe 146
147,Бандери С.,67.0,cafe,"кафе ""Цісар""",cafe 147
148,Стрийська,57,cafe,"кафе ""Кошик""",cafe 148
149,пл. Ринок,29,cafe,"кафе ""Соус""",cafe 149
150,Хмельницького Б.,106,cafe,"Кафе ""Коліжанка""",cafe 150
151,Друкарська,6А,cafe,Тітонька Софі,cafe 151
152,Тролейбусна,1.0,cafe,"бар ""Сангай""",cafe 152
153,Шпитальна,2,cafe,біля Магнусу,cafe 153
154,Сяйво,8.0,cafe,"ресторан ""Фільварок на Левандівці""",cafe 154
155,Валова,21,cafe,"ресторан ""Підпільний Кіндрат""",cafe 155
156,Грушевського В.,16,cafe,Вулик,cafe 156
157,Староєврейська,6,cafe,Чураско,cafe 157
158,"Мазепи І., гетьм.",11,cafe,"Ресторан ""BALATON""",cafe 158
159,Братів Рогатинців,43,cafe,Пяна качка,cafe 159
160,Сихівська,12А,cafe,кафе Red Night City,cafe 160
161,Кульпарківська ,nan,cafe,"""Тетяна""",cafe 161
162,пл. Катедральна,3,cafe,Ель - греко,cafe 162
163,Театральна,6,cafe,Старс мюзік кафе,cafe 163
164,Чигиринська,24,cafe,"""Сосновий двір""",cafe 164
165,"Єфремова С., акад.",47.0,cafe,"паб ""паб 47""",cafe 165
166,Хоткевича Г.,68,cafe,"паб ""Золотий хміль""",cafe 166
167,Городоцька,257,cafe,"""Під кущем хмелю""",cafe 167
168,Городоцька,172,cafe,"""Кафе-бар""",cafe 168
169,Друкарська,4,cafe,Фацет,cafe 169
170,Вірменська,8,cafe,"Піцерія ""Ля гротта""",cafe 170
171,Гнатюка В.,4,cafe,"кафе ""Вінстон Черчиль Паб""",cafe 171
172,Сєченова І.,5,cafe,,cafe 172
173,Болгарська,4,cafe,,cafe 173
174,Кульпарківська,95.0,cafe,"бар ""Козацькі чебуреки""",cafe 174
175,Городоцька,171.0,cafe,"кафе ""Пан Коцький""",cafe 175
176,Хмельницького Б.,141,cafe,рандеву,cafe 176
177,Менцинського М.,3,cafe,"ресторан ""Батяр""",cafe 177
178,Князя Романа,12,cafe,"ресторан ""Мясна Парцеля""",cafe 178
179,Кульпарківська,135.0,cafe,"кафе ""Гавань""",cafe 179
180,Коциловського Й.,10,cafe,"Кафе ""Квартира №5""",cafe 180
181,Широка,64.0,cafe,"піцерія ""Чікаго""",cafe 181
182,Вашингтона Дж.,17Б,cafe,"Піцерія ""Челентано""",cafe 182
183,Братів Рогатинців,43,cafe,Сова,cafe 183
184,Повітряна,88.0,cafe,"кафе-бар ""Хантер""",cafe 184
185,пр. Червоної Калини,109,cafe,"піцерія ""Тераса""",cafe 185
186,Зелена,15,cafe,"Нічний клуб ""М`ята""",cafe 186
187,Інструментальна,10,cafe,"""Анастасія""",cafe 187
188,пр. Червоної Калини,62А,cafe,"кафе ""Кримська перепічка""",cafe 188
189,Пекарська,48,cafe,"Кафе ""Чайхана Самарканд""",cafe 189
190,Виговського І.,67,cafe,"корчма ""Соняшник""",cafe 190
191,Поліщука В.,83.0,cafe,"кавярня ""Кавярня ""Мазурек""",cafe 191
192,Кульпарківська,59.0,cafe,"кафе ""Roastery cafe""",cafe 192
193,Гнатюка В.,12А,cafe,"кафе"" Пекар""",cafe 193
194,"Чупринки Т.,ген.",20.0,cafe,"кальян бар ""Allin"" anticafe loungе",cafe 194
195,Круп'ярська,1,cafe,"Бар ""Скорпіон""",cafe 195
196,"Чупринки Т.,ген.",56.0,cafe,"кав'ярня ""Coffe Max""",cafe 196
197,Вигоди,36,cafe,LEWANDOVSKA STACJA,cafe 197
198,Пекарська,39,cafe,"Кафе ""Брейк-Тайм""",cafe 198
199,Гніздовського Я.,1,cafe,"""Босфор""",cafe 199
200,Староєврейська,5,cafe,Вандлер,cafe 200
201,Русових,11.0,cafe,"паб ""Паб Underground""",cafe 201
202,пр. Свободи,19,cafe,"кафе ""Я люблю кебаб""",cafe 202
203,Дорошенка П.,2,cafe,"кафе ""Донер Кебаб""",cafe 203
204,Гашека Я.,20,cafe,"піцерія ""Лінгуіні""",cafe 204
205,Староєврейська,10,cafe,Бавілон,cafe 205
206,Творча,8,cafe,"Кафе ""Повна пазуха""",cafe 206
207,Некрасова М.,10,cafe,"бар ""МКМ-1""",cafe 207
208,Куліша П.,31,cafe,"кафе ""With Friends""",cafe 208
209,пр. Чорновола В.,2Б,cafe,Під Кумпелем,cafe 209
210,пр. Червоної Калини,36,cafe,"кафе ""Лагунна""",cafe 210
211,Хвильового М.,50,cafe,Pizzeria del Corso,cafe 211
212,Варшавська,56,cafe,"Бенкетний зал ""Шинок Вертеп 2""",cafe 212
213,Вірменська,4,cafe,Вірменка,cafe 213
214,Шевченка Т.,22,cafe,кафе,cafe 214
215,Залізнична,38,cafe,,cafe 215
216,Котляревського І.,9.0,cafe,"кафе ""Кафе ""Родзинка""",cafe 216
217,Володимира Великого,2.0,cafe,"клуб, ресторан ""Де люкс""",cafe 217
218,Січових Стрільців,12,cafe,"кафе ""Фреш лайн""",cafe 218
219,Чернівецька,21.0,cafe,"кав'ярня ""Франсуа""",cafe 219
220,Чернівецька,21.0,cafe,Pizza - 024,cafe 220
221,Проїзд Крива Липа,3А,cafe,"ресторан ""Ресторація Галицька""",cafe 221
222,Стрийська,98.0,cafe,"кафе-бар ""Анна Катерина""",cafe 222
223,пр. Свободи,22,cafe,"Піцерія ""Да Вінчі""",cafe 223
224,Стороженка О.,21.0,cafe,"кафе-бар ""Ірена""",cafe 224
225,Валова,14,cafe,"кафе ""Хаббл Баббл""",cafe 225
226,пл. Ринок,28,cafe,Чесне м'ясо,cafe 226
227,Староєврейська,24,cafe,Наливки зі Львова,cafe 227
228,Володимира Великого,2А,cafe,"ресторан, колиба, корчма, сопка ""Гуцульська гражка""",cafe 228
229,Виговського І.,69,cafe,,cafe 229
230,Кос-Анатольського А.,2,cafe,кафе “Кнайпа”,cafe 230
231,Липи Ю.,20,cafe,"""Реміснича пекарня ""Культ Хліба""",cafe 231
232,Грушевського В.,8,cafe,Пекін,cafe 232
233,Пасічна,2,cafe,"Кафе ""Зелен Гай""",cafe 233
234,Пасічна,90,cafe,Кафе,cafe 234
235,Володимира Великого,34.0,cafe,"піцерія ""Costa pizza""",cafe 235
236,Залізнична,50,cafe,"""Мангал""",cafe 236
237,Механічна,1,cafe,кафе-бар,cafe 237
238,Театральна,23,cafe,"кафе ""ТАКСІМ""",cafe 238
239,Валова,15,cafe,Львівська мануфактура кави,cafe 239
240,пр. Свободи,22,cafe,"магазин-кавярня ""Львівська мануфактура кави""",cafe 240
241,Любінська,92,cafe,"Кафе ""Ярослав""",cafe 241
242,Дудаєва Дж.,5,cafe,"кафе ""Full House""",cafe 242
243,Круп'ярська,8,cafe,"Кафе-бар ""Фокача""",cafe 243
244,"Чупринки Т.,ген.",68.0,cafe,"кондитерська-кафе ""Багет""",cafe 244
245,Братів Рогатинців,27,cafe,Мюзік лаб,cafe 245
246,Валова,15,cafe,Чураско,cafe 246
247,пл. Ринок,35,cafe,Мушля,cafe 247
248,Залізнична,4,cafe,"""Фрі-бургер""",cafe 248
249,Садова,1.0,cafe,BURGERS BUFET,cafe 249
250,"Чупринки Т.,ген.",5,cafe,кафе,cafe 250
251,Дорошенка П.,50,cafe,ПАБ,cafe 251
252,Кульпарківська,172А,cafe,"ресторан ""Три корони""",cafe 252
253,Краківська,5,cafe,Коза ностра,cafe 253
254,Братів Рогатинців,9,cafe,Вина Криму,cafe 254
255,Хмельницького Б.,225,cafe,фрі-хауз,cafe 255
256,Краківська,15,cafe,Медівня,cafe 256
257,Краківська,14,cafe,Юрашки,cafe 257
258,Любінська,89,cafe,,cafe 258
259,Остряниці Я.,1,cafe,Колос,cafe 259
260,Проїзд Крива Липа,7,cafe,"кафе ""Тралі-Валі""",cafe 260
261,Хмельницького Б.,99,cafe,Підзамче,cafe 261
262,Городоцька,263,cafe,"""Рибна хата""",cafe 262
263,Вірменська,16,cafe,Рудольфо,cafe 263
264,Чехова А.,3,cafe,"Бар ""Орхідея""",cafe 264
265,Лесі Українки,27,cafe,Деліція,cafe 265
266,Тролейбусна,3.0,cafe,"ресторан ""Династія""",cafe 266
267,Пекарська,16,cafe,"піцерія ""Мама міа""",cafe 267
268,Апостола Д.,10,cafe,"кафе ""У Оксани""",cafe 268
269,Котлярська,nan,cafe,Штука,cafe 269
270,Дашкевича Р.,2,cafe,Корчма,cafe 270
271,Хмельницького Б.,225,cafe,кафе,cafe 271
272,Словацького Ю.,16,cafe,Піца Челентано,cafe 272
273,Патона Є.,4,cafe,"""Челентано""",cafe 273
274,Пасічна,22,cafe,"ресторан ""Лайм""",cafe 274
275,Липинського В.,54,cafe,на дровах,cafe 275
276,пл. Князя Святослава,5,cafe,"""Експрес-гриль""",cafe 276
277,пл. Ринок,31,cafe,"кафе ""Пяльня""",cafe 277
278,Проїзд Крива Липа,8,cafe,Кулінарна студія,cafe 278
279,Сар'яна М.,6.0,cafe,"кафе ""Perfetto""",cafe 279
280,Ряшівська,13.0,cafe,"гриль-бар ""Жар-птиця""",cafe 280
281,пр. Чорновола В.,nan,cafe,sushi Time Pizza,cafe 281
282,Карбишева Д.,9,cafe,"кафе ""Паприка""",cafe 282
283,Некрасова М.,4,cafe,"Кафе ""Медок""",cafe 283
284,Горбачевського І.,15.0,cafe,"швидке харчування ""Фрі хаус""",cafe 284
285,Братів Рогатинців,18,cafe,Купіца,cafe 285
286,Личаківська,152,cafe,"Кафе-бар ""Манти""",cafe 286
287,Любінська,104,cafe,"кафе-бар ""Сонет""",cafe 287
288,Одеська,1,cafe,"кафе ""Ексклюзив""",cafe 288
289,Княгині Ольги,100Л,cafe,"кондитерська ""Лягумінка""",cafe 289
290,Замарстинівська,170,cafe,Козак,cafe 290
291,пл. Яворського С.,1,cafe,Піцерія,cafe 291
292,Володимира Великого,107А,cafe,"кафе ""Бар-бос""",cafe 292
293,Чайковського П.,5,cafe,"кавярня ""Фпанс.уа""",cafe 293
294,Бандери С.,28,cafe,Ля Кріперія,cafe 294
295,Зелена,77А,cafe,"""Авеста""",cafe 295
296,Лесі Українки,29,cafe,Мон Піус,cafe 296
297,Пулюя І.,19.0,cafe,"кафе ""Перлина""",cafe 297
298,Краківська,1,cafe,кафе,cafe 298
299,Нечуя-Левицького І.,15.0,cafe,"кафе ""Кафе ""Ряба""",cafe 299
300,Шевченка Т.,358,cafe,Орхідея,cafe 300
301,Володимира Великого,27.0,cafe,"кафе ""Ням-ням""",cafe 301
302,Гашека Я.,15,cafe,"кафе ""Цвібак""",cafe 302
303,Стрийська,100.0,cafe,"кафе ""Шипшина""",cafe 303
304,Городоцька,275,cafe,"""Frizzante Pizzeria Café""",cafe 304
305,Бандери С.,69.0,cafe,"піцерія ""Челентано""",cafe 305
306,Хмельницького Б.,225,cafe,щирі галицькі хот-доги,cafe 306
307,Караджича В.,29Г,cafe,"""Кафе-бар 29""",cafe 307
308,"Юнаківа М.,ген.",9.0,cafe,"кафе ""Еталон""",cafe 308
309,Корнякта К.,1,cafe,"кафе ""BROWN""",cafe 309
310,пр. Чорновола В.,7,cafe,Львів,cafe 310
311,Стрийська,202.0,cafe,"кафе ""Шипшина""",cafe 311
312,Курбаса Л.,4,cafe,Казка,cafe 312
313,Бандери С.,39,cafe,"китайська кухня ""Драгон""",cafe 313
314,Замарстинівська,132,cafe,кафе,cafe 314
315,Костюшка Т.,2,cafe,"кафе ""Black Honey""",cafe 315
316,Лисенка М.,11,cafe,"кафе ""Матусині вареники""",cafe 316
317,Сихівська,5,cafe,"кафе ""Круасан""",cafe 317
318,Стрийська,202.0,cafe,бар,cafe 318
319,Лукаша М.,3Б,cafe,"піцерія ""Фантазія""",cafe 319
320,Хмельницького Б.,225,cafe,кури-гриль,cafe 320
321,Джерельна,39,cafe,"""Бургер хаус""",cafe 321
322,Староєврейська,3,cafe,Цукерня,cafe 322
323,Староєврейська,4,cafe,Япона хата,cafe 323
324,Липинського В.,60,cafe,кафе,cafe 324
325,Куліша П.,21,cafe,"кафе ""Boroda drink""",cafe 325
326,пр. Чорновола В.,45,cafe,"""BORODA drink""",cafe 326
327,Жовківська,57,cafe,Фенікс,cafe 327
328,пр. Шевченка Т.,28,cafe,У Грушевського,cafe 328
329,пр. Шевченка Т.,3,cafe,"кафе ""ICE ROLL CAFFE""",cafe 329
330,Наукова,43Б,cafe,"павільйон кафе ""Гальба""",cafe 330
331,Стрийська,66.0,cafe,"ресторан ""Love &Lviv""",cafe 331
332,Липинського В.,54,cafe,кафе,cafe 332
333,Вірменська,3,cafe,Бартоломей,cafe 333
334,Кульпарківська,129.0,cafe,"кафе ""Касіопея""",cafe 334
335,пл. Яворського С.,1,cafe,Світ кави,cafe 335
336,Шевська,10,cafe,Леополіс,cafe 336
337,Політехнічна,2.0,cafe,"кафе-бар ""Атом""",cafe 337
338,Коротка,5,cafe,"""Смачно як у мами""",cafe 338
339,Пекарська,35,cafe,"Кафетерій ""БАЛЬЗАК""",cafe 339
340,Левицького К.,2,cafe,"Кафе ""Сіли-з""їли""",cafe 340
341,пл. Данила Галицького,12,cafe,"бар ""Залізко""",cafe 341
342,Раппапорта Я.,7Б,cafe,"""Кавярня Ксенія""",cafe 342
343,Ковжуна П.,4,cafe,Галка,cafe 343
344,Любінська,100,cafe,"піца ""Посто""",cafe 344
345,Суботівська,10А,cafe,"кафе-бар ""Скеля""",cafe 345
346,Коновальця Є.,88.0,cafe,"""Золотий вепр""",cafe 346
347,пр. Червоної Калини,91,cafe,піцерія „Паго”,cafe 347
348,Сихівська,13,cafe,"піцерія ""Челентано""",cafe 348
349,Драгана М.,10А,cafe,"кафе ""Любомила""",cafe 349
350,пр. Червоної Калини,52А,cafe,кафе „Сихівська вежа”,cafe 350
351,пр. Червоної Калини,52,cafe,"кафе ""Під вітряком""",cafe 351
352,Антоненка-Давидовича Б.,10.0,cafe,"кафе ""Візит""",cafe 352
353,пр. Червоної Калини,79,cafe,ресторан „Екран”,cafe 353
354,пр. Червоної Калини,35,cafe,"ресторан ""Оазис""",cafe 354
355,пр. Червоної Калини,127А,cafe,"кафе ""Менестрель""",cafe 355
356,пр. Червоної Калини,121,cafe,"піцерія ""Бона""",cafe 356
357,пр. Червоної Калини,109,cafe,"ресторан ""Гостинний двір""",cafe 357
358,Стрийська,133,cafe,"кафе ""Жокей""",cafe 358
359,Кавалерідзе І.,1,cafe,"піцерія ""Бона""",cafe 359
360,Княгині Ольги,116.0,cafe,"Бар ""Супутник""",cafe 360
361,Княгині Ольги,116.0,cafe,"Ресторан ""Сатурн""",cafe 361
362,Княгині Ольги,116.0,cafe,"Бар ""Сатурн",cafe 362
363,Наукова,7.0,cafe,"клуб ""Нічний клуб""",cafe 363
364,Хмельницького Б.,83,cafe,Зустріч,cafe 364
365,"Мазепи І., гетьм.",22,cafe,"""Хінкальня"" Грузинський ресторан",cafe 365
366,Франка І.,15,cafe,"Бар ""Гарбуз""",cafe 366
367,пл. Ринок,20,cafe,Ресторан Під Левом,cafe 367
368,Любінська,168,cafe,"""Зодіак""",cafe 368
369,Братів Рогатинців,10,cafe,Корзо-ПАБ,cafe 369
370,Личаківська,151,cafe,"Ресторан ""Роден""",cafe 370
371,Залізнична,14,cafe,"""Кафе""",cafe 371
372,Хуторівка,26,cafe,"ресторан ""Червона рута""",cafe 372
373,Київська,15.0,cafe,"кафе ""Веселий Роджер""",cafe 373
374,Володимира Великого,42.0,cafe,"бар ""Рубці""",cafe 374
375,пр. Чорновола В.,93,cafe,"""Хінкальня"" Грузинський ресторан",cafe 375
376,Зубрівська,38,cafe,"ресторан ""Вишиванка""",cafe 376
377,Шухевича,3,cafe,"ресторан ""Celentano Ristorante""",cafe 377
378,Морозна,14,cafe,"ресторан ""Соната""",cafe 378
379,пр. Чорновола В.,67Г,cafe,"""Піцерія""",cafe 379
380,Хуторівка,40А,cafe,"ресторан ""Афродита""",cafe 380
381,Шевченка Т.,41А,cafe,"піцерія ""Чао-Белла""",cafe 381
382,Степанівни О.,50,cafe,"кафе ""Для тебе""",cafe 382
383,Шевченка Т.,4,cafe,,cafe 383
384,Шевченка Т.,74,cafe,"""Кафе-бар Наш двір""",cafe 384
385,Граб'янки,28.0,cafe,"кафе ""Кафе ""На Грабянки""",cafe 385
386,Володимира Великого,123.0,cafe,"піцерія ""Челентано""",cafe 386
387,Лесі Українки,12,cafe,Монс-Піус,cafe 387
388,пл. Ринок,34,cafe,Кентавр,cafe 388
389,Валова,19,cafe,Французька здоба,cafe 389
390,Староєврейська,15,cafe,Букет вина,cafe 390
391,Вірменська,14,cafe,Брудершафт,cafe 391
392,Хмельницького Б.,2,cafe,Цісар,cafe 392
393,пл. Ринок,39,cafe,Мафія,cafe 393
394,Староєврейська,8,cafe,Гастропаб Хенліс,cafe 394
395,Краківська,34,cafe,Арома кава,cafe 395
396,Братів Рогатинців,43,cafe,La Jardin,cafe 396
397,пл. Ринок,8,cafe,Хінкальня,cafe 397
398,Підвальна,9,cafe,Кальчо,cafe 398
399,Староєврейська,18,cafe,Wine House,cafe 399
400,Лесі Українки,21,cafe,Black Wood,cafe 400
401,Театральна,23,cafe,"кафе ""Залізна шапка""",cafe 401
402,Староєврейська,16,cafe,Обідні принади,cafe 402
403,пр. Шевченка Т.,11,cafe,Галицька кухня,cafe 403
404,пл. Соборна,2А,cafe,На Соборній,cafe 404
405,пл. Соборна,nan,cafe,Бігос Паб,cafe 405
406,Сербська,13,cafe,Трапезна,cafe 406
407,Братів Рогатинців,10,cafe,,cafe 407
408,Федорова І.,20,cafe,Золотий дукат,cafe 408
409,Валова,3,cafe,Велика тарілка,cafe 409
410,Староєврейська,10,cafe,Жовтий віслюк,cafe 410
411,Ставропігійська,9,cafe,Ноїв ковчег,cafe 411
412,Федорова І.,27,cafe,Артбар,cafe 412
413,Ставропігійська,3,cafe,Старий Рояль,cafe 413
414,Сербська,6,cafe,Ностальгія,cafe 414
415,Друкарська,6А,cafe,Закарпатське від мКопача,cafe 415
416,Руська,16,cafe,Львівська прем’єра,cafe 416
417,Федорова І.,12,cafe,Чарівний ліхтар,cafe 417
418,Вірменська,35,cafe,Коммуна,cafe 418
419,Братів Рогатинців,15,cafe,"Бістро ""Час поїсти""",cafe 419
420,пл. Ринок,42,cafe,,cafe 420
421,пл. Ринок,44,cafe,Атляс,cafe 421
422,Староєврейська,11,cafe,Зелена сливка,cafe 422
423,Староєврейська,5,cafe,"Арома кава, Бургер",cafe 423
424,Лесі Українки,17,cafe,Винарня Фабрика корків,cafe 424
425,Валова,16,cafe,ТЦ Локаль,cafe 425
426,Горбачевського І.,4.0,cafe,"кафе-кав'ярня ""Кавовий рай""",cafe 426
427,Коновальця Є.,103.0,cafe,"""ГотельТурист""",cafe 427
428,Васильківського С.,1.0,cafe,"бар ""Кава""",cafe 428
429,Глибока,nan,cafe,"кав'ярня, кондитерська ""Фраєрка""",cafe 429
430,"Рудницького С., акад.",39.0,cafe,"""Андерсен""",cafe 430
431,Коновальця Є.,50.0,cafe,"кафе ""Темп""",cafe 431
432,Київська,7.0,cafe,"кафе ""Сіли-зїли""",cafe 432
433,Кузневича Г.,16А,cafe,"""Тарон""",cafe 433
434,Кринична,1,cafe,кафе-бар,cafe 434
435,пл. Кропивницького М.,12.0,cafe,"кафе ""Картопляна хата""",cafe 435
436,Київська,20.0,cafe,"кафе ""Пирогова хата""",cafe 436
437,Бандери С.,59.0,cafe,"кафе-бар ""Кабе-бар ""Лілія""",cafe 437
438,Староєврейська,6,cafe,,cafe 438
439,Японська,7.0,cafe,"кафе ""Бальва саля""",cafe 439
440,пл. Кропивницького М.,6.0,cafe,"пиріжкова ""Пиріжкова""",cafe 440
441,Бандери С.,29.0,cafe,"кафе-бістро ""Casa buritto""",cafe 441
442,Городоцька,187.0,cafe,"кафе ""Немезіда""",cafe 442
443,"Сахарова А.,акад.",8.0,cafe,"кафе ""Парк""",cafe 443
444,"Чупринки Т.,ген.",59.0,cafe,"кафе-кав'ярня ""Галка""",cafe 444
445,Залізнична,50,cafe,"кав'ярня ""Наша хата""",cafe 445
446,Городоцька,222,cafe,"""Чебуречна""",cafe 446
447,Яворницького Д.,8.0,cafe,Кафе,cafe 447
448,"Сахарова А.,акад.",7.0,cafe,"ресторан ""Аврора""",cafe 448
449,"Сахарова А.,акад.",19А,cafe,"кафе ""Золотий лимон""",cafe 449
450,Зелена,407,cafe,"кафе ""Старий Сихів""",cafe 450
451,пр. Червоної Калини,94,cafe,кафе „Дукан”,cafe 451
452,Виговського І.,47.0,cafe,"піцерія Челентано""",cafe 452
453,Драгана М.,13,cafe,"кафе ""Тема""",cafe 453
454,Братів Рогатинців,45,cafe,"Місько Пструг, Петро Братванка",cafe 454
455,Личаківська,4,cafe,"Піцерія ""Челентано""",cafe 455
456,пр. Чорновола В.,63,cafe,"Кафе ""Друзі""",cafe 456
457,Клепарівська,18,cafe,"ресторан ""Роберт Домс""",cafe 457
458,Тершаковців,6,cafe,Євроготель,cafe 458
459,Арсенальська,5.0,cafe,"Цукернича кав’ярня ""Арсенальська""",cafe 459
460,"Мазепи І., гетьм.",11Г,cafe,"""CHICAGO STYLE PIZZA""",cafe 460
461,Окружна,14.0,cafe,"готель, ресторан ""Райське яблуко""",cafe 461
462,пр. Чорновола В.,59.0,cafe,"кафе-бар ""Марія""",cafe 462
463,Городоцька,234Б,cafe,"кафе-бар ""Галичина""",cafe 463
464,Горбачевського І.,22.0,cafe,"піцерія ""Челентано""",cafe 464
465,Героїв Майдану,4.0,cafe,"ресторан ""Чорний кіт""",cafe 465
466,Городоцька,8,cafe,Караоке клуб 888,cafe 466
467,Вірменська,20,cafe,Гасова лямпа,cafe 467
468,Коперника М.,1,cafe,Золота роза,cafe 468
469,Сербська,7,cafe,Мазох,cafe 469
470,Липинського В.,36,cafe,Занзібар,cafe 470
471,Сихівська,22,cafe,"ресторан ""Леополія""",cafe 471
472,Сихівська,22,cafe,"кафе-паб ""Гальба""",cafe 472
473,Довженка О.,5,cafe,"кафе ""Стожари""",cafe 473
474,Володимира Великого,123.0,cafe,"бар ""Лісандра""",cafe 474
475,Кульпарківська,222,cafe,"""Персей""",cafe 475
476,Бортнянського Д.,25,cafe,"""Кафе-бар""",cafe 476
477,"Сахарова А.,акад.",42.0,cafe,"кафе ""Гарбуз""",cafe 477
478,Петлюри С.,2А,cafe,"""Кафе""",cafe 478
479,Головатого Я.,1,cafe,"""Кафе""",cafe 479
480,Довженка О.,2,cafe,"піцерія ""Ля Фамілія""",cafe 480
481,Широка,70Б,cafe,"""ПАБ Shateau""",cafe 481
482,Вашингтона Дж.,5А,cafe,"Ресторан ""Три оскари""",cafe 482
483,Боднарська,4,cafe,"ресторан ""Хутірець""",cafe 483
484,Замарстинівська,167,cafe,Шаян,cafe 484
485,Пасічна,89,cafe,"Ресторан ""Марципан""",cafe 485
486,Медової Печери,65,cafe,"Ресторан ""Медова печера""",cafe 486
487,Романчука Ю.,15,cafe,"Кондитерська-кав'ярня ""Солодкий льох""",cafe 487
488,пр. Чорновола В.,59.0,cafe,"ресторан ""Цепелін""",cafe 488
489,Ніщинського М.,30,cafe,Бар Онтаріо,cafe 489
490,Замарстинівська,127,cafe,Прикарпатський замок,cafe 490
491,пр. Чорновола В.,65,cafe,"""Pizza Pasta""",cafe 491
492,Героїв УПА,72.0,cafe,"ресторан-кафе ""Аля мінуте""",cafe 492
493,Хмельницького Б.,176,cafe,"Ресторан ""Lemberg""",cafe 493
494,Винниченка В.,6,cafe,"Ресторан ""Кумпель""",cafe 494
495,Галицька,1,cafe,Піца Челентано на Ринку,cafe 495
496,пр. Свободи,29,cafe,"ресторан ""Япона хата""",cafe 496
497,Руська,4,cafe,Синя пляшка,cafe 497
498,Саксаганського П.,8,cafe,У Броваря,cafe 498
499,Городоцька,222,cafe,"""Тартак""",cafe 499
500,Дозвільна,1,cafe,,cafe 500
501,Наукова,53.0,cafe,"кафе ""Наука""",cafe 501
502,Володимира Великого,51.0,cafe,"піцерія ""New York Steet Pizza""",cafe 502
503,Боткіна С.,36.0,cafe,"кафе-бар ""Зелений дворик""",cafe 503
504,Пулюя І.,29.0,cafe,"кафе ""Старий Маяк""",cafe 504
505,Щирецька,14.0,cafe,"""Маленький Париж"" каф-бар",cafe 505
506,Княгині Ольги,114.0,cafe,кафе,cafe 506
507,Стрийська,144.0,cafe,"ресторан ""Тиса""",cafe 507
508,Наукова,43А,cafe,"піцерія ""Деліката""",cafe 508
509,Широка,86А,cafe,"""Кафе ""Під лісом""",cafe 509
510,Калнишевського П.,16,cafe,"кафе-бар ""Юлія""",cafe 510
511,Повітряна,24.0,cafe,"кафе ""Левандівський газда""",cafe 511
512,Калнишевського П.,1,cafe,"кафе-бар ""Скорпіон""",cafe 512
513,Широка,65Б,cafe,"""Бар""",cafe 513
514,Патона Є.,2Б,cafe,"бар-ресторан ""На озері""",cafe 514
515,Зелена,109,cafe,"Кафе ""Фелікітас""",cafe 515
516,"Лазаренка Є., акад.",2.0,cafe,"кафе-бар ""Фелікітас""",cafe 516
517,Пасічна,70,cafe,"Піцерія ""Delicata""",cafe 517
518,Стуса В.,4,cafe,"кафе ""Динамо Блюз""",cafe 518
519,Тершаковців,10,cafe,"Бар ""Згадка""",cafe 519
520,Зелена,69,cafe,"Піцерія ""Бістро Люкс.піцерія""",cafe 520
521,Пекарська,1,cafe,"Кафе ""Вікторія""",cafe 521
522,Зелена,88,cafe,"Нічний ""Клуб Picasso""",cafe 522
523,Пасічна,89,cafe,"Кафе-бар ""Надія""",cafe 523
524,Личаківська,50,cafe,"Кафе ""Рондель""",cafe 524
525,пл. Ринок,5,cafe,,cafe 525
526,Туган-Барановського М.,30,cafe,"Кафе ""Солодка скриня""",cafe 526
527,Римлянина П.,1,cafe,"Пивоварня ""Старгород""",cafe 527
528,Керченська,15,cafe,"Бар ""Берклі""",cafe 528
529,Личаківська,24,cafe,"Кафе ""Вареники""",cafe 529
530,Зелена,44,cafe,"Бар ""Флорес""",cafe 530
531,Зелена,2,cafe,"Бар ""Пивний сад""",cafe 531
532,Личаківська,22,cafe,"Кафе ""Сходинка""",cafe 532
533,Довбуша О.,1,cafe,4 студія,cafe 533
534,Туган-Барановського М.,4,cafe,Піцерія Леополі,cafe 534
535,Пекарська,28,cafe,"Ресторан ""Старий Тифліс""",cafe 535
536,Руставелі Ш.,2,cafe,"Ресторан ""Кавказ""",cafe 536
537,Котика Б.,1,cafe,"Бар ""Кайзервальд""",cafe 537
538,Шімзерів,2,cafe,"Ресторан ""Еней""",cafe 538
539,Личаківська,265,cafe,"Кафе ""Підгори""",cafe 539
540,Шевченка Т.,354А,cafe,Ідилія,cafe 540
541,Брюховицька,162,cafe,Кав'ярня,cafe 541
542,Кульпарківська,118,cafe,"кафе ""Кава""",cafe 542
543,Кульпарківська,160,cafe,"ресторан ""Сонцевир""",cafe 543
544,Петлюри С.,37.0,cafe,"кафе ""Пиріжкова хата""",cafe 544
545,Кульпарківська,174,cafe,"""Кава""",cafe 545
546,Виговського І.,17,cafe,"кафе-бар ""Леся""",cafe 546
547,Хмельницького Б.,223,cafe,кафе-бар,cafe 547
548,Лінкольна А.,53,cafe,"""Кафе-бар ""Яна""",cafe 548
549,Промислова,50,cafe,кафе,cafe 549
550,Франка І.,161,cafe,"ресторан ""Арагви""",cafe 550
551,Любінська,191А,cafe,"кафе-бар ""Сателіт""",cafe 551
552,Грюнвальдська,1.0,cafe,"кафе-бар ""Колорадо""",cafe 552
553,Щирецька,36.0,cafe,"""Гуцульський двір""",cafe 553
554,Наукова,7Б,cafe,"кафе-ресторан ""Вишиванка""",cafe 554
555,Любінська,144,cafe,"""Шекспір""",cafe 555
556,Садовського М.,2,cafe,Кафе-бар,cafe 556
557,Грабовського П.,11,cafe,Галицька цитадель,cafe 557
558,Братів Рогатинців,19,cafe,1000+1 ніч,cafe 558
559,Староєврейська,18,cafe,Тисяча і одна ніч,cafe 559
560,Петрушевича,2,cafe,Hiresh Club,cafe 560
561,Зелена,73,cafe,"Кафе ""КАВА""",cafe 561
562,пр. Шевченка Т.,21,cafe,Вероніка,cafe 562
563,Личаківська,3,cafe,Золота рибка,cafe 563
564,пл. Данила Галицького,2,cafe,Дефіляда,cafe 564
565,Драгана М.,2,cafe,"кафе бар ""Апельсин""",cafe 565
566,Вірменська,2,cafe,Фляшка Кляйна,cafe 566
567,Вірменська,5,cafe,Лінивий пес,cafe 567
568,Болгарська,4А,cafe,Перлина парку,cafe 568
569,Братів Рогатинців,7,cafe,Львівська мануфактура кави,cafe 569
570,Братів Рогатинців,21,cafe,,cafe 570
571,Валова,13,cafe,Кебаб,cafe 571
572,Валова,19,cafe,Букет вина,cafe 572
573,Вірменська,8,cafe,Кілікія,cafe 573
574,Вірменська,13,cafe,Доктор Фауст,cafe 574
575,Вірменська,30,cafe,Човен,cafe 575
576,Галицька,4,cafe,Мапа,cafe 576
577,Галицька,13,cafe,Бейкер стріт,cafe 577
578,пл. Ринок,21,cafe,Піца Челентано на Ринку,cafe 578
579,Галицька,21,cafe,Білий кролик,cafe 579
580,Городоцька,15,cafe,Асторія,cafe 580
581,Друкарська,11,cafe,Бахчисарай,cafe 581
582,Друкарська,11,cafe,Delikateka,cafe 582
583,Джерельна,18,cafe,,cafe 583
584,Звенигородська,3,cafe,Сант Федер,cafe 584
585,Краківська,14,cafe,Бартоломей,cafe 585
586,Федорова І.,2,cafe,,cafe 586
587,Кривоноса М.,19,cafe,Бабусині палюшки,cafe 587
588,пл. Князя Ярослава Осмомисла,3,cafe,Перлина Львова,cafe 588
589,Лазнева,3,cafe,Маестро,cafe 589
590,Лазнева,3А,cafe,Піцерія Пепітто,cafe 590
591,Лесі Українки,15,cafe,Кафе-галерея АРТ-11 Хутін Пуйло,cafe 591
592,Лесі Українки,15,cafe,ПАБ Білий Лев,cafe 592
593,Лесі Українки,18,cafe,Wine and Coffee,cafe 593
594,Лесі Українки,27,cafe,Корки та крихти,cafe 594
595,Лесі Українки,33,cafe,,cafe 595
596,Листопадового Чину,14,cafe,Старий квартал,cafe 596
597,Листопадового Чину,14,cafe,Піцерія,cafe 597
598,пл. Ринок,11,cafe,П’яна вишня,cafe 598
599,пл. Ринок,13,cafe,Львівські пляцки,cafe 599
600,пл. Ринок,19,cafe,Ресторан Під Левом,cafe 600
601,пл. Ринок,21,cafe,Ресторан Під Левом,cafe 601
602,пл. Ринок,45,cafe,Атляс,cafe 602
603,Руська,4,cafe,Манускрипт,cafe 603
604,Саксаганського П.,11,cafe,Піцерія,cafe 604
605,Сербська,5,cafe,Старі мури,cafe 605
606,пл. Соборна,2,cafe,Coffe,cafe 606
607,пл. Соборна,nan,cafe,Бігос Паб,cafe 607
608,пл. Старий Ринок,7,cafe,,cafe 608
609,Словацького Ю.,16,cafe,Піца Челентано,cafe 609
610,Ставропігійська,5,cafe,Старий Рояль,cafe 610
611,Ставропігійська,7,cafe,Казанова,cafe 611
612,Староєврейська,4,cafe,Тікі Тай,cafe 612
613,Староєврейська,5,cafe,Галицькі круасани,cafe 613
614,Староєврейська,5,cafe,Букет вина,cafe 614
615,Староєврейська,7,cafe,Familia,cafe 615
616,Староєврейська,9,cafe,Королівська пивоварня,cafe 616
617,Староєврейська,25,cafe,Вінтаж,cafe 617
618,Староєврейська,46,cafe,Караван Сарай,cafe 618
619,Староєврейська,50,cafe,Теплий п’єц,cafe 619
620,пр. Свободи,12,cafe,Віденська кавярня,cafe 620
621,пр. Свободи,7,cafe,Львівські круасани,cafe 621
622,пр. Свободи,16,cafe,Княжий келих,cafe 622
623,пр. Свободи,26,cafe,"ресторан ""Вечірній Львів""",cafe 623
624,пр. Свободи,37,cafe,Креденс кафе,cafe 624
625,пр. Свободи,43,cafe,Пінгвін,cafe 625
626,Сербська,3,cafe,Майстерня шоколаду,cafe 626
627,Сербська,5,cafe,Старі мури,cafe 627
628,пр. Чорновола В.,25,cafe,Бар Когут,cafe 628
629,Січових Стрільців,3,cafe,Бамбула,cafe 629
630,Проїзд Крива Липа,5,cafe,Бранч,cafe 630
631,Проїзд Крива Липа,8,cafe,Міні бар,cafe 631
632,Проїзд Крива Липа,9,cafe,Тікі Тай,cafe 632
633,Проїзд Крива Липа,7,cafe,Банка,cafe 633
634,пр. Шевченка Т.,27,cafe,Шкоцька,cafe 634
635,Чайковського П.,37,cafe,Купол,cafe 635
636,пл. Різні,8,cafe,"кавярня ""Фпанс.уа""",cafe 636
637,Виговського І.,29,cafe,,cafe 637
638,Городоцька,116А,cafe,"""Млинці""",cafe 638
639,Городоцька,116А,cafe,"""Кафе""",cafe 639
640,Городоцька,116А,cafe,"""Кафе Експрес""",cafe 640
641,Городоцька,116Б,cafe,"""Кафе""",cafe 641
642,Городоцька,116Б,cafe,"""При вокзалі""",cafe 642
643,Городоцька,222,cafe,,cafe 643
644,Личаківська,60,cafe,"Піцерія ""Тропікано""",cafe 644
645,Сковороди Г.,10,cafe,"Піцерія ""Бістро Хіт-обід""",cafe 645
646,Ялівець,1,cafe,"Кафе ""Шоколад""",cafe 646
647,Антоненка-Давидовича Б.,8.0,cafe,"кафе ""Енергія""",cafe 647
648,Сихівська,20,cafe,кафе,cafe 648
649,Стрийська ,109,cafe,кафе,cafe 649
650,пр. Червоної Калини,109,cafe,Кафе-бар “Санта Барбара”,cafe 650
651,пр. Червоної Калини,102,cafe,"кафе ""Медобори""",cafe 651
652,Хуторівка,40А,cafe,"бар ""Тустань""",cafe 652
653,Симоненка В.,4.0,cafe,"кафе ""Віденська випічка""",cafe 653
654,Володимира Великого,111А,cafe,"бар ""Кальмар""",cafe 654
655,Володимира Великого,51.0,cafe,"ресторан ""Марсель""",cafe 655
656,Володимира Великого,51.0,cafe,"кафе ""Таксі ""Марсель""",cafe 656
657,Володимира Великого,59А,cafe,"бістро ""Смачні сезони""",cafe 657
658,Володимира Великого,61.0,cafe,"бар ""Бар""",cafe 658
659,Володимира Великого,67А,cafe,"корчма ""Сучасність""",cafe 659
660,"Чупринки Т.,ген.",26.0,cafe,"""Веселий ктулху""",cafe 660
661,Героїв УПА ,73.0,cafe,"кафе ""Кафе ""Домашньої кухні""",cafe 661
662,Героїв УПА,73Ж,cafe,"бар-ресторан ""Вишиванка""",cafe 662
663,Героїв УПА,76.0,cafe,"""Кава""",cafe 663
664,Героїв УПА,80.0,cafe,"бістро ""Смачні сезони""",cafe 664
665,Городоцька,141.0,cafe,"піцерія ""Челентано""",cafe 665
666,Городоцька,149.0,cafe,"кафе-бар ""Біла чайка""",cafe 666
667,Городоцька,153.0,cafe,"кафе-бар ""У солохи""",cafe 667
668,Городоцька,163.0,cafe,"кафе-бістро ""Пан Коцький""",cafe 668
669,Городоцька,207.0,cafe,"кафе ""Кафе""",cafe 669
670,Київська,20.0,cafe,"кафе ""Кавова крамничка""",cafe 670
671,Княгині Ольги,106.0,cafe,"павільйон кафе ""Red Night City""",cafe 671
672,Княгині Ольги,106.0,cafe,"фаст-фуд ""Біг-бургер""",cafe 672
673,Княгині Ольги,69.0,cafe,"кафе-бар ""Люксар""",cafe 673
674,Коновальця Є.,77А,cafe,"міні-бар ""Купідон""",cafe 674
675,Конотопська,2.0,cafe,"""Льолік""",cafe 675
676,Кульпарківська,125.0,cafe,"кафе ""Явір""",cafe 676
677,Кульпарківська,129.0,cafe,"бар ""Пивний бар""",cafe 677
678,Кульпарківська,129.0,cafe,"паб ""Пивна мануфактура""",cafe 678
679,Наукова,51.0,cafe,"кафе ""Хінкальня""",cafe 679
680,Наукова,7Д,cafe,"бістро ""Смачні сезони""",cafe 680
681,Політехнічна,8.0,cafe,"бістро ""Біг бургер""",cafe 681
682,Бандери С.,31.0,cafe,"кафе ""Palyanytsia""",cafe 682
683,Бандери С.,47А,cafe,"кафе ""КЕТ кафе""",cafe 683
684,Бандери С.,67.0,cafe,"фаст-фуд ""Донер Кабеб""",cafe 684
685,Тролейбусна,2.0,cafe,"бар ""Без вивіски""",cafe 685
686,Федьковича Ю.,4.0,cafe,"кафе ""Без вивіски""",cafe 686
687,Героїв Майдану,nan,cafe,"паб ""Паб Депо""",cafe 687
688,"Сахарова А.,акад.",23.0,cafe,"кафе ""ПК""",cafe 688
689,"Сахарова А.,акад.",19.0,cafe,"кава ""Milk & Cofe""",cafe 689
690,Федьковича Ю.,26.0,cafe,"бар ""Пивний бар""",cafe 690
691,пл. Липнева,7.0,cafe,"кафе ""Норма""",cafe 691
692,Федьковича Ю.,38.0,cafe,"бісто ""Смачні сезони""",cafe 692
693,Володимира Великого,59В,cafe,"павільйон ""Магазин шашлика""",cafe 693
694,"Сахарова А.,акад.",6.0,cafe,"кав'ярня ""Каво манія""",cafe 694
695,Федьковича Ю.,24.0,cafe,"бар ""Галявина""",cafe 695
696,Бандери С.,45.0,cafe,"кафе ""Chigi""",cafe 696
697,пр. Чорновола В.,59.0,cafe,"""Орден пива""",cafe 697
698,пр. Чорновола В.,63А,cafe,Пекарня Кондитерська Бістро. Власна свіжа випічка.,cafe 698
699,пр. Чорновола В.,45,cafe,"""Кафе""",cafe 699
700,пр. Чорновола В.,45,cafe,"""Бар"" ""Піца Кури-гриль""",cafe 700
701,пр. Чорновола В.,67Г,cafe,"""Мережа бістро ""Смачні сезони""",cafe 701
702,пр. Чорновола В.,67,cafe,"""Кафе-бар ""Смак""",cafe 702
703,пр. Чорновола В.,101,cafe,Челентано PIZZA,cafe 703
704,пр. Чорновола В.,101,cafe,"кафе ""Тетяна""",cafe 704
705,пр. Чорновола В.,103,cafe,об'єкт швидкого харчування,cafe 705
706,пр. Чорновола В.,12,cafe,об'єкт швидкого харчування,cafe 706
707,"Мазепи І., гетьм.",25А,cafe,"Ресторан ""Магнат""",cafe 707
708,"Мазепи І., гетьм.",15А,cafe,"Кафе-бар ""Едем""",cafe 708
709,"Мазепи І., гетьм.",11,cafe,"кафе ""У пані Юлії""",cafe 709
710,"Мазепи І., гетьм.",11,cafe,"""Форнетті""",cafe 710
711,"Мазепи І., гетьм.",11,cafe,"""Хот-Дог""",cafe 711
712,"Мазепи І., гетьм.",37,cafe,"""Кафе-піцерія""",cafe 712
713,Грінченка Б.,6,cafe,"Кафе ""Діжка""",cafe 713
714,Лінкольна А.,57,cafe,,cafe 714
715,Лінкольна А.,31,cafe,Білярд клуб,cafe 715
716,Леонтовича М.,1,cafe,"""Фрі HOUSE""",cafe 716
717,Тичини П.,17,cafe,"""Сокіл""",cafe 717
718,Чигиринська,42,cafe,РАБ живе пиво,cafe 718
719,пр. Чорновола В.,57А,cafe,"""Смачні сезони""",cafe 719
720,Джерельна,5,cafe,"""Чарочка""",cafe 720
721,"Кучера Р., акад.",4,cafe,"""Кафе-бар""",cafe 721
722,Шолом-Алейхема Ш.,5,cafe,"Кафе Краб бар""",cafe 722
723,Клепарівська,3,cafe,"""Пив-бар""",cafe 723
724,Шевченка Т.,4,cafe,"""Франсуа""",cafe 724
725,Шевченка Т.,16,cafe,"""Coffe House""",cafe 725
726,Клепарівська,15А,cafe,"""Перлина Грузії""",cafe 726
727,пр. Чорновола В.,45А,cafe,"""Нептун""",cafe 727
728,пр. Чорновола В.,45А,cafe,"""Штаб-кафе""",cafe 728
729,Хмельницького Б.,225,cafe,буфет,cafe 729
730,Хмельницького Б.,225,cafe,смачна хата,cafe 730
731,Шевченка Т.,376А,cafe,Талант,cafe 731
732,Шевченка Т.,309,cafe,Кафе,cafe 732
